1990,111,Tie Me Up! Tie Me Down!,Comedy,"Banderas, Antonio","Almodóvar, Pedro"
1991,113,High Heels,Comedy,"Bosé, Miguel","Almodóvar, Pedro"
1983,104,"Dead Zone, The",Horror,"Walken, Christopher","Cronenberg, David"
1979,122,Cuba,Action,"Connery, Sean","Lester, Richard"
1978,94,Days of Heaven,Drama,"Gere, Richard","Malick, Terrence"
1983,140,Octopussy,Action,"Moore, Roger","Glen, John"
1984,101,Target Eagle,Action,"Connors, Chuck","Loma, José Antonio de la"
1989,99,"American Angels: Baptism of Blood, The",Drama,"Bergen, Robert D.","Sebastian, Beverly"
1985,104,Subway,Drama,"Lambert, Christopher","Besson, Luc"
1990,149,Camille Claudel,Drama,"Depardieu, Gérard","Nuytten, Bruno"
1982,188,Fanny and Alexander,Drama,"Ahlstedt, Börje","Bergman, Ingmar"
1982,117,Tragedy of a Ridiculous Man,Drama,"Tognazzi, Ugo","Bertolucci, Bernardo"
1966,103,A Man & a Woman,Drama,"Trintignant, Jean-Louis","Lelouch, Claude"
1986,112,A Man & a Woman: Twenty Years Later,Drama,"Trintignant, Jean-Louis","Lelouch, Claude"
1966,103,Un Hombre y una Mujer,Drama,"Trintignant, Jean-Louis","Lelouch, Claude"
1985,112,"Official Story, The",Drama,"Alterio, Hector","Puenzo, Luiz"
1976,150,"Lindbergh Kidnapping Case, The",Drama,"Hopkins, Anthony","Kulik, Buzz"
1929,84,Blackmail,Mystery,"Longden, John","Hitchcock, Alfred"
1963,109,Donovan's Reef,Comedy,"Wayne, John","Ford, John"
1988,110,Tucker: The Man & His Dream,Drama,"Bridges, Jeff","Coppola, Francis Ford"
1988,101,Scrooged,Comedy,"Murray, Bill","Donner, Richard"
1981,116,Raiders of the Lost Ark,Action,"Ford, Harrison","Spielberg, Steven"
1987,101,"Running Man, The",Science Fiction,"Schwarzenegger, Arnold","Glaser, Paul Michael"
1991,105,Predator 2,Action,"Glover, Danny","Hopkins, Stephen"
1988,127,Colors,Drama,"Penn, Sean","Hopper, Dennis"
1990,97,Zandalee,Drama,"Cage, Nicolas","Pillsbury, Sam"
1988,108,Miles from Home,Drama,"Anderson, Kevin","Sinise, Gary"
1989,88,Final Notice,Mystery,"Gerard, Gil","Stern, Steven Hilliard"
1979,110,Quintet,Drama,"Newman, Paul","Altman, Robert"
1960,90,"Devil's Eye, The",Drama,"Kulle, Jarl","Bergman, Ingmar"
1957,91,Wild Strawberries,Drama,"Sjöström, Victor","Bergman, Ingmar"
1956,96,"Seventh Seal, The",Drama,"Sydow, Max von","Bergman, Ingmar"
1992,90,Germicide,Drama,"Taylor, Rod",
1955,86,Dreams,Drama,"Björnstrand, Gunnar","Bergman, Ingmar"
1955,95,"Naked Night, The",Drama,"Björnstrand, Gunnar","Bergman, Ingmar"
1962,91,Through a Glass Darkly,Drama,"Björnstrand, Gunnar","Bergman, Ingmar"
1972,91,Cries & Whispers,Drama,"Josephson, Erland","Bergman, Ingmar"
1958,104,"Barbarian & the Geisha, The",Action,"Wayne, John","Huston, John"
1967,130,Casino Royale,Comedy,"Niven, David","Hughes, Ken"
1954,103,Elephant Walk,Drama,"Finch, Peter",
1979,121,Ten,Comedy,"Moore, Dudley","Edwards, Blake"
1983,118,"Man Who Loved Women, The",Comedy,"Reynolds, Burt","Edwards, Blake"
1966,190,Hawaii,Drama,"Sydow, Max von","Hill, George Roy"
1966,125,Torn Curtain,Mystery,"Newman, Paul","Hitchcock, Alfred"
1986,107,Duet for One,Drama,"Bates, Alan","Konchalovsky, Andrei"
1965,172,"Sound of Music, The",Music,"Plummer, Christopher","Wise, Robert"
1985,55,Gonzo Presents Muppet Weird Stuff,Comedy,"Cleese, John",
1984,140,Tartuffe,Comedy,"Depardieu, Gérard","Depardieu, Gérard"
1988,104,A New Life,Comedy,"Alda, Alan","Alda, Alan"
1978,106,Magic,Mystery,"Hopkins, Anthony","Attenborough, Richard"
1992,286,Tommy,Music,"Daltry, Roger","Russell, Ken"
1978,108,"Big Fix, The",Mystery,"Dreyfuss, Richard","Kagan, Jeremy Paul"
1992,95,Alan & Naomi,Drama,"Haas, Lukas","Vanwagenen, Sterling"
1987,120,Fatal Attraction,Mystery,"Douglas, Michael","Lyne, Adrian"
1992,117,Patriot Games,Action,"Ford, Harrison","Noyce, Phillip"
1981,106,"Woman Next Door, The",Drama,"Depardieu, Gérard","Truffaut, François"
1992,97,Hunting,Mystery,"Savage, John","Howson, Frank"
1991,115,Bataan,War,"Taylor, Robert",
1924,110,"Siegfried, The Nibelungenlied",Drama,"Richter, Paul","Lang, Fritz"
1991,90,"Henry, Portrait of a Serial Killer",Horror,"Rooker, Michael",
1988,118,"Big Blue, The",Drama,"Barr, Jean-Marc","Besson, Luc"
1991,115,Flight of the Intruder,Drama,"Glover, Danny","Milius, John"
1986,108,Nobody's Fool,Comedy,"Roberts, Eric","Purcell, Evelyn"
1985,97,After Hours,Comedy,"Dunne, Griffin","Scorsese, Martin"
1985,104,Desperately Seeking Susan,Comedy,"Quinn, Aidan","Seidelman, Susan"
1971,102,A New Leaf,Comedy,"Matthau, Walter","May, Elaine"
1959,91,Killers of Kilimanjaro,Action,"Taylor, Robert","Thorpe, Richard"
1926,126,Don Juan,Action,"Barrymore, John","Crosland, Alan"
1987,102,Babette's Feast,Drama,"LaFont, Jean-Philippe","Axel, Gabriel"
1989,118,"Vincent, Francois, Paul & the Others",Drama,"Montand, Yves",
1988,141,Thunderball,Action,"Connery, Sean","Young, Terrence"
1926,66,Lodger (Story of the London Fog),Mystery,"Chesney, Arthur","Hitchcock, Alfred"
1988,103,Appointment with Death,Mystery,"Ustinov, Peter","Donaggio, Michael Winner"
1974,128,Murder on the Orient Express,Mystery,"Balsam, Martin","Lumet, Sidney"
1955,115,Blood Alley,War,"Wayne, John","Wellman, William"
1977,136,"Spy Who Loved Me, The",Action,"Moore, Roger","Gilbert, Lewis"
1988,100,Storm,Action,"Palfy, David","Winning, David"
1991,89,Bloodbath,Horror,"Hopper, Dennis",
1989,103,Miami Cops,Action,"Roundtree, Richard","Bradley, Al"
1996,96,"Island of Dr. Moreau, The",Horror,"Thewlis, David","Frankenheimer, John"
1992,100,Eighty-Four Charing Cross Road,Drama,"Hopkins, Anthony","Jones, David"
1980,124,"Elephant Man, The",Drama,"Hopkins, Anthony","Lynch, David"
1988,90,Dr Alien,Science Fiction,"Jacoby, Billy","DeCoteau, David"
1982,120,Creepshow,Horror,"Holbrook, Hal","Romero, George A."
1987,100,Sammy & Rosie Get Laid,Drama,"Din, Ayub Khan","Frears, Stephen"
1971,101,"Goalie's Anxiety at the Penalty Kick, The",Drama,"Brauss, Arthur","Wenders, Wim"
1957,99,Mademoiselle Striptease,Comedy,"Gelin, Daniel","Allegret, Marc"
1969,86,"Women, The",Drama,"Ronet, Maurice","Aurel, Jean"
1958,77,That Naughty Girl,Comedy,"Bretonniere, Jean","Boisrond, Michel"
1959,90,Voulez-Vous Danser Avec Moi?,Comedy,"Vidal, Henri","Boisrond, Michel"
1967,100,"A Coeur Joie, (Head Over Heels)",Action,"Terzieff, Laurent","Bourguignon, Serge"
1968,113,Shalako,Westerns,"Connery, Sean","Dmytryk, Edward"
1964,102,Contempt,Drama,"Palance, Jack","Godard, Jean-Luc"
1965,100,Dear Brigitte,Comedy,"Mumy, Billy","Koster, Henry"
1962,134,A Very Private Affair,Drama,"Mastroianni, Marcello","Malle, Louis"
1964,99,"Ravishing Idiot, The",Comedy,"Perkins, Anthony","Molinaro, Edouard"
1958,90,"Bride Is Much Too Beautiful, The",Comedy,"Jourdan, Louis","Surin, Fred"
1955,90,Doctor at Sea,Comedy,"Bogarde, Dirk","Thomas, Ralph"
1962,100,"Le Repos Du Guerrier, (Warrior's Rest)",War,"Hossein, Robert","Vadim, Roger"
1957,90,And God Created Woman,Drama,"Jurgens, Curt","Vadim, Roger"
1973,87,Ms. Don Juan,Drama,"Ronet, Maurice","Vadim, Roger"
1987,97,Siesta,Drama,"Byrne, Gabriel","Lambert, Mary"
1932,92,Rich & Strange,Drama,"Kendall, Henry","Hitchcock, Alfred"
1987,104,Lionheart,Action,"Stoltz, Eric","Schaffner, Franklin J."
1982,115,E. T. The Extra-Terrestrial,Science Fiction,"Wallace, Dee","Spielberg, Steven"
1992,101,Cool World,Drama,"Byrne, Gabriel","Bakshi, Ralph"
1988,83,Nadine,Comedy,"Bridges, Jeff","Benton, Robert"
1989,126,Batman,Action,"Nicholson, Jack","Burton, Tim"
1987,95,Blind Date,Comedy,"Willis, Bruce","Edwards, Blake"
1982,101,Mother Lode,Action,"Heston, Charlton","Heston, Charlton"
1992,125,Final Analysis,Drama,"Gere, Richard","Joanou, Phil"
1983,134,Never Say Never Again,Action,"Connery, Sean","Kershner, Irvin"
1986,117,Nine & a Half Weeks,Drama,"Rourke, Mickey","Lyne, Adrian"
1986,108,No Mercy,Drama,"Gere, Richard","Pearce, Richard"
1991,116,"Marrying Man, The",Comedy,"Baldwin, Alec","Rees, Jerry"
1990,123,Misery,Horror,"Caan, James","Reiner, Rob"
1946,93,Crisis,Drama,"Andersson, Wiktor","Bergman, Ingmar"
1984,95,Samson & Delilah,Drama,"Hamilton, Antony","Philips, Lee"
1990,101,Act of Piracy,Mystery,"Busey, Gary",
1988,96,Split Decisions,Drama,"Hackman, Gene","Drury, David"
1989,103,Vampire's Kiss,Comedy,"Cage, Nicolas",
1988,96,Nightmare at Noon,Action,"Hauser, Wings","Mastorakis, Nico"
1990,127,Presumed Innocent,Mystery,"Ford, Harrison","Pakula, Alan J."
1942,123,Reap the Wild Wind,Drama,"Wayne, John","DeMille, Cecil B."
1972,100,Pocket Money,Comedy,"Newman, Paul","Rosenberg, Stuart"
1977,102,Mary White,Drama,"Flanders, Ed","Taylor, Jud"
1990,105,Guilty by Suspicion,Drama,"De Niro, Robert","Winkler, Irwin"
1948,99,Secret Beyond the Door,Mystery,"Redgrave, Michael","Lang, Fritz"
1945,103,Scarlet Street,Drama,"Robinson, Edward G.","Lang, Fritz"
1988,76,Daffy Duck's Quackbusters,Action,"Blanc, Mel","Ford, Greg"
1985,55,Rowlf's Rhapsodies with the Muppets,Comedy,"Burns, George",
1982,188,Gandhi,Drama,"Kingsley, Ben","Attenborough, Richard"
1975,120,"Wind & the Lion, The",Action,"Connery, Sean","Milius, John"
1971,96,Carnal Knowledge,Drama,"Nicholson, Jack","Nichols, Mike"
1970,126,Getting Straight,Comedy,"Gould, Elliott","Rush, Richard"
1972,90,"Scarlet Letter, The",Drama,"Albaicín, Rafael","Wenders, Wim"
1935,75,"Count of Old Town, The",Comedy,"Adolphson, Edvin","Adolphson, Edvin"
1978,97,Autumn Sonata,Drama,"Björk, Halvar","Bergman, Ingmar"
1944,114,Gaslight,Drama,"Boyer, Charles","Cukor, George"
1958,100,Indiscreet,Drama,"Grant, Cary","Donen, Stanley"
1941,75,Walpurgis Night,Drama,"Sjöström, Victor","Edgren, Gustaf"
1948,100,Joan of Arc,Drama,"Ferrer, Jose","Fleming, Victor"
1982,195,A Woman Called Golda,Drama,"Beatty, Ned","Gibson, Alan"
1969,98,A Walk in the Spring Rain,Drama,"Quinn, Anthony","Green, Guy"
1949,117,Under Capricorn,Drama,"Cotten, Joseph","Hitchcock, Alfred"
1946,101,Notorious,Mystery,"Grant, Cary","Hitchcock, Alfred"
1940,90,June Night,Drama,"Widgren, Olof","Lindberg, Per"
1961,120,Goodbye Again,Drama,"Perkins, Anthony","Litvak, Anatole"
1956,106,Anastasia,Drama,"Tamiroff, Akim","Litvak, Anatole"
1945,126,"Bells of St. Mary's, The",Drama,"Crosby, Bing","McCarey, Leo"
1937,91,Intermezzo,Drama,"Ekman, Gösta","Molander, Gustaf"
1938,104,A Woman's Face,Drama,"Svennberg, Tore","Molander, Gustaf"
1935,90,Swedenhielms,Drama,"Westergren, Håkan","Molander, Gustaf"
1939,87,Only One Night,Drama,"Adolphson, Edvin","Molander, Gustav"
1938,74,Dollar,Drama,"Rydeberg, Georg","Molander, Gustav"
1956,98,Elena & Her Men,Drama,"Ferrer, Mel","Renoir, Jean"
1952,110,Europa Fifty-One,Drama,"Knox, Alexander","Rossellini, Roberto"
1953,83,Voyage in Italy,Drama,"Sanders, George","Rossellini, Roberto"
1954,81,Fear,Drama,"Wieman, Mathias","Rossellini, Roberto"
1950,107,Stromboli,Drama,"Vitale, Mario","Rossellini, Roberto"
1969,103,Cactus Flower,Comedy,"Matthau, Walter","Saks, Gene"
1989,105,Hideaways,Comedy,"Conover, Bruce",
1990,90,Twenty Four Hours in a Woman's Life,Drama,"Torn, Rip",
1987,91,Programmed to Kill,Action,"Ginty, Robert","Holzman, Allan"
1982,128,Conan the Barbarian,Action,"Schwarzenegger, Arnold","Milius, John"
1991,91,Raw Nerve,Mystery,"Ford, Glenn","Prior, David A."
1970,94,Think Dirty,Comedy,"Feldman, Marty","Clark, Jim"
1982,108,King of Comedy,Drama,"De Niro, Robert","Scorsese, Martin"
1983,60,"Best of the Big Laff Off, The",Comedy,"Murphy, Eddie",
1984,158,Amadeus,Drama,"Abraham, F. Murray","Forman, Milos"
1973,101,White Lightning,Action,"Reynolds, Burt","Sargent, Joseph"
1988,172,"Unbearable Lightness of Being, The",Drama,"Day-Lewis, Daniel","Kaufman, Philip"
1972,124,"Life & Times of Judge Roy Bean, The",Western,"Newman, Paul","Huston, John"
1970,137,Airport,Drama,"Lancaster, Burt","Seaton, George"
1973,116,Day for Night,Drama,"Aumont, Jean-Pierre","Truffaut, François"
1952,107,Secrets of Women,Comedy,"Malmsten, Birger","Bergman, Ingmar"
1976,116,Burnt Offerings,Horror,"Reed, Oliver","Curtis, Dan"
1969,94,Easy Rider,Drama,"Fonda, Peter","Hopper, Dennis"
1991,98,Five Easy Pieces,Drama,"Nicholson, Jack","Rafelson, Bob"
1974,144,"Day of the Locust, The",Drama,"Sutherland, Donald","Schlesinger, John"
1964,112,Goldfinger,Action,"Connery, Sean","Hamilton, Guy"
1977,117,"Exorcist II, The Heretic",Horror,"Burton, Richard","Boorman, John"
1953,61,White Lightning,,"Clements, Stanley","Bernds, Edward"
1942,88,Lady for a Night,Drama,"Wayne, John","Leigh, Jason"
1968,103,Charly,Drama,"Robertson, Cliff","Nelson, Ralph"
1973,105,High Plains Drifter,Western,"Eastwood, Clint","Eastwood, Clint"
1982,123,Honkytonk Man,Drama,"Eastwood, Clint","Eastwood, Clint"
1990,102,Nightbreed,Horror,"Cronenberg, David","Barker, Clive"
1987,98,Under the Sun of Satan,Drama,"Depardieu, Gérard","Pialat, Maurice"
1985,105,Vagabond,Drama,"Meril, Macha","Varda, Agnes"
1993,60,"Bill Cosby, Live at Harrah's",Comedy,"Cosby, Bill",
1974,89,Monty Python & the Holy Grail,Comedy,"Chapman, Graham","Gilliam, Terry"
1993,65,John Cleese on How to Irritate People,Comedy,"Cleese, John",
1958,101,"Matchmaker, The",Comedy,"Perkins, Anthony","Anthony, Joseph"
1981,129,For Your Eyes Only,Action,"Moore, Roger","Glen, John"
1928,139,Wings,War,"Rogers, Buddy","Wellman, William"
1992,106,Medicine Man,Action,"Connery, Sean","McTiernan, John"
1985,119,Kiss of the Spider Woman,Drama,"Hurt, William","Babenco, Hector"
1990,121,"Rookie, THe",Action,"Eastwood, Clint","Eastwood, Clint"
1973,129,"Sting, The",Drama,"Newman, Paul","Hill, George Roy"
1958,96,Torpedo Run,War,"Ford, Glenn","Pevney, Joseph"
1986,101,Instant Justice,Drama,"Paré, Michael","Rumar, Craig"
1990,135,Cyrano de Bergerac,Drama,"Depardieu, Gérard","Rappeneau, Jean-Paul"
1948,110,Border Street,Drama,"Fijewski, Tadeusz","Ford, Aleksander"
1987,91,Firehouse,Comedy,"Hopkins, Barrett","Ingvordsen, J. Christian"
1965,123,Morituri,Drama,"Brando, Marlon","Wicki, Bernhard"
1980,104,From the Life of the Marionettes,Drama,"Atzorn, Robert","Bergman, Ingmar"
1988,120,Frantic,Mystery,"Ford, Harrison","Polanski, Roman"
1978,114,Coma,Science Fiction,"Douglas, Michael","Crichton, Michael"
1988,117,Dead Ringers,Drama,"Irons, Jeremy","Cronenberg, David"
1988,90,Golden Ninja Invasion,Action,"West, Leonard","Lambert, Bruce"
1973,122,"Exorcist, The",Horror,"Sydow, Max von","Friedkin, William"
1975,112,Alice Doesn't Live Here Anymore,Comedy,"Kristofferson, Kris",
1982,94,"Eyes of the Amaryllis, The",Drama,"Bolt, Jonathan","King Keller, Frederick"
1952,109,What Price Glory?,War,"Cagney, James","Ford, John"
1954,40,Inauguration of the Pleasure Dome,Short,"De Brier, Sampson","Anger, Kenneth"
1989,114,School Daze,Comedy,"Fishburne, Larry","Lee, Spike"
1990,102,"End of Innocence, The",Drama,"Heard, John","Cannon, Dyan"
1971,98,"Anderson Tapes, The",Mystery,"Connery, Sean","Lumet, Sidney"
1983,50,"Father Murphy, A Horse from Heaven",Comedy,"Olsen, Merlin","Claxton, William F."
1989,80,Skull,Drama,"Bideman, Robert","Bergman, Robert"
1987,91,"Quick & The Dead, The",Western,"Elliott, Sam","Day, Robert"
1984,94,Best Defense,Comedy,"Moore, Dudley","Huyck, Willard"
1984,99,Dreamscape,Science Fiction,"Quaid, Dennis","Ruben, Joseph"
1989,125,Black Rain,Action,"Douglas, Michael","Scott, Ridley"
1963,138,8 1/2,Drama,"Mastroianni, Marcello","Fellini, Federico"
1935,64,One Frightened Night,Horror,"Ford, Wallace","Cabanne, Christy"
1988,103,"Year My Voice Broke, The",Drama,"Taylor, Noah","Duigan, John"
1966,175,Is Paris Burning?,War,"Belmondo, Jean-Paul","Clément, René"
1974,313,QB VII,Drama,"Hopkins, Anthony","Gries, Tom"
1977,104,"Island of Dr. Moreau, The",Horror,"Lancaster, Burt","Taylor, Don"
1983,104,Beyond the Limit,Drama,"Caine, Michael","Mackenzie, John"
1936,84,Secret Agent,Mystery,"Lorre, Peter","Hitchcock, Alfred"
1986,71,Paramount Comedy Theater: Well-Developed,Comedy,"Mahler, Bruce",
1972,71,"Big Bust Out, The",Action,"Kendall, Tony","Theumer, Ernst R. von"
1987,119,"Fourth Protocol, The",Mystery,"Caine, Michael","Mackenzie, John"
1990,107,Gremlins 2: The New Batch,Comedy,"Galligan, Zach","Dante, Joe"
1982,92,Fast Times at Ridgemont High,Comedy,"Penn, Sean","Heckerling, Amy"
1977,91,Rabid,Horror,"Moore, Frank","Cronenberg, David"
1989,90,"Vampire Raiders, Ninja Queen",Action,"Peterson, Chris","Lambert, Bruce"
1970,26,Bloopers from Star Trek,Comedy,"Lawford, Peter",
1943,99,Destroyer,Action,"Robinson, Edward G.","Seiter, William A."
1992,99,Party Girl,Comedy,"Taylor, Robert","Ray, Nicholas"
1989,113,Twin Peaks,Mystery,"MacLachlan, Kyle","Lynch, David"
1987,103,Moonstruck,Comedy,"Cage, Nicholas","Jewison, Norman"
1987,119,"Witches of Eastwick, The",Comedy,"Nicholson, Jack","Miller, George"
1979,128,Moonraker,Action,"Moore, Roger","Gilbert, Lewis"
1984,106,Beat Street,Drama,"Davis, Guy","Lathan, Stan"
1986,88,Running Out of Luck,Comedy,"Jagger, Mick",
1989,90,Never on Tuesday,Drama,"Lauer, Andrew","Rifkin, Adam"
1975,109,Shampoo,Comedy,"Beatty, Warren","Ashby, Hal"
1985,111,Power,Drama,"Hackman, Gene","Lumet, Sidney"
1965,122,Darling,Drama,"Harvey, Laurence","Schlesinger, John"
1963,120,"Ugly American, The",Drama,"Brando, Marlon","Englund, George"
1931,68,Ambassador Bill,Comedy,"Rogers, Will","Taylor, Sam"
1931,110,"Big Trail, The",Western,"Wayne, John","Walsh, Raoul"
1967,111,Hombre,Western,"Newman, Paul","Ritt, Martin"
1968,103,Coogan's Bluff,Action,"Eastwood, Clint","Siegel, Don"
1989,91,Penn & Teller Get Killed,Comedy,"Penn, Jillette","Penn, Arthur"
1987,118,Shy People,Drama,"Philbin, John","Konchalovsky, Andrei"
1980,91,It's My Turn,Comedy,"Douglas, Michael","Weill, Claudia"
1988,119,Dangerous Liaisons,Drama,"Malkovich, John","Frears, Stephen"
1990,111,Reversal of Fortune,Drama,"Irons, Jeremy","Schroeder, Barbet"
1991,119,Meeting Venus,Comedy,"Arestrup, Niels","Szabó, István"
1946,105,Tomorrow Is Forever,Drama,"Welles, Orson",
1987,101,Like Father Like Son,Comedy,"Cameron, Kirk","Daniel, Rod"
1948,81,Rope,Drama,"Stewart, James","Hitchcock, Alfred"
1962,91,Road to Hong Kong,Comedy,"Hope, Bob","Panama, Norman"
1989,108,Shirley Valentine,Comedy,"Conti, Tom","Gilbert, Lewis"
1992,135,City of Joy,Drama,"Swayze, Patrick","Joffe, Roland"
1966,99,"Appaloosa, The",Western,"Brando, Marlon","Furie, Sidney J."
1986,88,Seven Minutes in Heaven,Comedy,"Thames, Byron","Feferman, Linda"
1991,96,"Hearts of Darkness, A Filmmaker's Apocalypse",Drama,"Bottoms, Sam","Bahr, Fax"
1961,66,Tonight for Sure,Comedy,"Lee, Karla","Coppola, Francis Ford"
1990,110,"White Hunter, Black Heart",Adventure,"Eastwood, Clint","Eastwood, Clint"
1962,110,Sundays & Cybele,Drama,"Kruger, Hardy","Bourguignon, Serge"
1989,90,Puppet Master,Science Fiction,"LeMat, Paul","Schmoeller, David"
1991,95,Night Gallery,Horror,"McDowall, Roddy","Spielberg, Steven"
1989,103,Pet Sematary,Horror,"Gwynne, Fred","Lambert, Mary"
1992,60,"America's Music, Gospel",Music,"Phipps, Wentley","Walton, Kip"
1977,123,Slap Shot,Comedy,"Newman, Paul","Hill, George Roy"
1987,109,O. C. & Stiggs,Comedy,"Jenkins, Daniel H.","Altman, Robert"
1988,108,A Fish Called Wanda,Comedy,"Cleese, John","Crichton, Charles"
1954,96,A Lesson in Love,Comedy,"Björnstrand, Gunnar","Bergman, Ingmar"
1957,82,Brink of Life,Drama,"Josephson, Erland","Bergman, Ingmar"
1986,120,Betty Blue,Drama,"Anglade, Jean-Hughes","Beineix, Jean-Jacques"
1979,122,Hair,Music,"Savage, John","Forman, Milos"
1989,97,National Lampoon's Christmas Vacation,Comedy,"Chase, Chevy","S, Jeremiah"
1974,124,"Dersu Uzala, (The Hunter)",Adventure,"Solomin, Yuri","Kurosawa, Akira"
1990,106,Alice,Comedy,"Baldwin, Alec","Allen, Woody"
1980,90,"Fifth Floor, The",Mystery,"Hopkins, Bo","Avedis, Howard Hikmet"
1990,94,Snow Kill,Drama,"Knox, Terence","Wright, Thomas J."
1971,74,"People, The",Drama,"Shatner, William","Coppola, Francis Ford"
1969,128,True Grit,Western,"Wayne, John","Hathaway, Henry"
1942,18,"Battle of Midway, The",War,"Crisp, Donald","Ford, John"
1948,103,Three Godfathers,Western,"Wayne, John","Ford, John"
1965,133,"Hush, Hush, Sweet Charlotte",Mystery,"Cotten, Joseph","Aldrich, Robert"
1946,110,A Stolen Life,Drama,"Ford, Glenn","Bernhardt, Curtis"
1939,96,"Old Maid, The",Drama,"Brent, George","Goulding, Edmund"
1950,138,All about Eve,Drama,"Sanders, George","Mankiewicz, Joseph L."
1986,96,"Fly, The",Horror,"Goldblum, Jeff","Cronenberg, David"
1990,89,Quick Change,Comedy,"Murray, Bill","Franklin, Howard "
1988,93,"Lair of the White Worm, The",Horror,"Grant, Hugh","Russell, Ken"
1989,104,"Rainbow, The",Drama,"Hemmings, David","Russell, Ken"
1956,120,"Man Who Knew Too Much, The",Mystery,"Stewart, James","Hitchcock, Alfred"
1992,90,Beauty & the Beast,Science Fiction,"Marais, Jean","Cocteau, Jean"
1940,120,Foreign Correspondent,Mystery,"McCrea, Joel","Hitchcock, Alfred"
1949,115,"Heiress, The",Drama,"Richardson, Ralph","Wyler, William"
1986,120,"Boy Who Could Fly, The",Drama,"Underwood, Jay","Castle, Nick"
1975,89,"Terrorists, The",Action,"Connery, Sean","Wrede, Caspar"
1942,85,Wheel of Fortune,Drama,"Wayne, John","Auer, John H."
1989,120,Do the Right Thing,Drama,"Aiello, Danny","Lee, Spike"
1990,93,"Court-Martial of Jackie Robinson, The",Drama,"Braugher, Andre","Peerce, Larry"
1967,90,Elvira Madigan,Drama,"Berggren, Thommy","Widerberg, Bo"
1992,86,Hurricane Smith,Action,"Weathers, Carl","Budds, Colin"
1987,86,Fair Game,Action,"Ford, Peter",
1989,95,"Rape of the Sabines, The",Action,"Moore, Roger",
1983,99,Risky Business,Comedy,"Cruise, Tom","Brickman, Paul"
1980,103,I Love All of You (Je Vous Aime),Drama,"Depardieu, Gérard","Berri, Claude"
1986,108,Love Songs,Drama,"Lambert, Christopher","Chouraqui, Elie"
1983,114,Le Choix des Armes,Mystery,"Montand, Yves","Comeau, Alain"
1981,135,Choice of Arms,Action,"Montand, Yves","Corneau, Alan"
1977,107,March or Die,War,"Hackman, Gene","Richards, Dick"
1980,135,"Last Metro, The",Drama,"Depardieu, Gérard","Truffaut, François"
1986,120,Jean de Florette,Drama,"Montand, Yves","Berri, Claude"
1989,127,Fat Man & Little Boy,Drama,"Newman, Paul","Joffe, Roland"
1990,125,Wild at Heart,Drama,"Cage, Nicolas","Lynch, David"
1989,113,Family Business,Action,"Connery, Sean","Lumet, Sidney"
1988,103,Stand & Deliver,Drama,"Olmos, Edward James","Menendez, Ramon"
1981,94,Looker,Science Fiction,"Finney, Albert","Crichton, Michael"
1989,89,Fire & Rain,Action,"Haid, Charles","Jameson, Jerry"
1990,56,"Best of Candid Camera, The",Comedy,"Allen, Woody",
1940,83,Seven Sinners,Drama,"Wayne, John","Garnett, Tay"
1961,190,Judgment at Nuremberg,Drama,"Tracy, Spencer","Kramer, Stanley"
1989,60,Minsky's Follies,Comedy,"Taylor, Rip",
1990,97,"Novice, The",Comedy,"Sharif, Omar",
1987,130,Wings of Desire,Drama,"Ganz, Bruno","Wenders, Wim"
1991,158,Until the End of the World,Drama,"Hurt, William","Wenders, Wim"
1987,118,Castaway,Drama,"Reed, Oliver","Roeg, Nicolas"
1993,30,"Alfred Hitchcock Presents, Sorcerer's Apprentice",Mystery,"Hitchcock, Alfred",
1991,99,Delicatessen,Comedy,"Benezech, Pascal","Caro, Marc"
1979,110,"Great Train Robbery, The",Mystery,"Connery, Sean","Crichton, Michael"
1991,110,Hanover Street,Drama,"Ford, Harrison","Hyams, Peter"
1991,102,Hunchback,Drama,"Hopkins, Anthony","Tuchner, Michael"
1946,97,My Darling Clementine,Western,"Fonda, Henry","Ford, John"
1950,86,Wagon Master,Western,"Johnson, Ben","Ford, John"
1949,93,She Wore a Yellow Ribbon,Western,"Wayne, John","Ford, John"
1985,90,Fantasy Man,Comedy,"Hopkins, Harold","Meagher, John"
1986,87,Monster in the Closet,Comedy,"Grant, Donald","Dahlin, Bob"
1992,85,Double Edge,Drama,"Eban, Abba","Kollek, Amos"
1976,116,Network,Comedy,"Finch, Peter","Lumet, Sidney"
1974,131,Chinatown,Drama,"Nicholson, Jack","Polanski, Roman"
1975,117,Three Days of the Condor,Drama,"Redford, Robert","Pollack, Sydney"
1977,134,Voyage of the Damned,Drama,"Sydow, Max von","Rosenberg, Stuart"
1987,97,Barfly,Drama,"Rourke, Mickey","Schroeder, Barbet"
1990,104,"Wait Until Spring, Bandini",Drama,"Mantegna, Joe",
1947,118,Life with Father,Comedy,"Powell, William","Curtiz, Michael"
1974,117,Stavisky,Drama,"Belmondo, Jean-Paul","Resnais, Alain"
1981,117,Time Bandits,Comedy,"Cleese, John","Gilliam, Terry"
1980,144,"Shining, The",Horror,"Nicholson, Jack","Kubrick, Stanley"
1945,91,Flame of Barbary Coast,Western,"Wayne, John","Kane, Joseph"
1993,92,"Naked Truth, The",Comedy,"Sellers, Peter",
1979,92,"Brood, The",Horror,"Reed, Oliver","Cronenberg, David"
1970,123,"Molly Maguires, The",Action,"Connery, Sean","Ritt, Martin"
1984,105,Beverly Hills Cop,Comedy,"Murphy, Eddie","Brest, Martin"
1991,86,Blind Man's Bluff,Mystery,"Urich, Robert","Quinn, James"
1961,140,La Dolce Vita,Drama,"Mastroianni, Marcello","Fellini, Federico"
1966,103,After the Fox,Comedy,"Sellers, Peter","De Sica, Vittorio"
1974,127,"Man with the Golden Gun, The",Action,"Moore, Roger","Hamilton, Guy"
1985,96,Marbella,Action,"Taylor, Rod","Hermoso, Miguel"
1967,103,"Bobo, The",Comedy,"Sellers, Peter","Parrish, Robert"
1993,53,"Big Bands, The",Music,"Beneke, Tex",
1992,97,Killer Image.,Mystery,"Ironside, Michael","Winning, David"
1987,94,Kandyland,Drama,"Laulette, Charles","Schnitzer, Robert Allen"
1987,94,Campus Man,Drama,"Dye, John","Casden, Ron"
1956,101,Jubal,Drama,"Ford, Glenn","Daves, Delmer"
1985,84,"Purple Rose of Cairo, The",Comedy,"Aiello, Danny","Allen, Woody"
1984,85,Broadway Danny Rose,Comedy,"Allen, Woody","Allen, Woody"
1992,108,Husbands & Wives,Comedy,"Allen, Woody","Allen, Woody"
1986,103,Hannah & Her Sisters,Comedy,"Caine, Michael","Allen, Woody"
1979,115,Hurricane,Action,"Robards, Jason","Troell, Jan"
1986,95,Between Two Women,Drama,"Nouri, Michael","Avnet, John"
1981,96,"Cannonball Run, The",Comedy,"Reynolds, Burt","Needham, Hal"
1936,70,Doughnuts & Society,Comedy,"Nugent, Eddie","Collins, Lewis D."
1978,450,Holocaust,Drama,"Bottoms, Joseph","Chomsky, Marvin J."
1990,103,Meridian,Science Fiction,"Jamieson, Malcolm","Band, Charles"
1992,90,Diary of a Hitman,Drama,"Whitaker, Forest","London, Roy"
1988,95,Gor,Action,"Reed, Oliver","Kiersch, Fritz"
1987,95,Surrender,Comedy,"Caine, Michael","Belson, Jerry"
1984,112,Places in the Heart,Drama,"Harris, Ed","Benton, Robert"
1991,106,Not Without My Daughter,Drama,"Molina, Alfred","Gilbert, Brian"
1977,113,Heroes,Drama,"Winkler, Henry","Kagan, Jeremy Paul"
1981,116,Absence of Malice,Drama,"Newman, Paul","Pollack, Sydney"
1979,110,Norma Rae,Drama,"Bridges, Beau","Ritt, Martin"
1989,118,Steel Magnolias,Drama,"Skerritt, Tom","Ross, Herbert"
1989,101,"Burbs, The",Comedy,"Hanks, Tom","Dante, Joe"
1980,124,"Empire Strikes Back, The",Science Fiction,"Hamill, Mark","Kershner, Irvin"
1977,121,Star Wars,Science Fiction,"Hamill, Mark","Lucas, George"
1983,132,Return of the Jedi,Science Fiction,"Hamill, Mark","Marquand, Richard"
1991,104,Hear My Song,Drama,"Dunbar, Adrian","Chelsom, Peter"
1956,99,Slightly Scarlet,Action,"Payne, John","Dwan, Allan"
1957,120,Gunfight at the OK Corral,Western,"Lancaster, Burt","Sturges, John"
1990,89,Bloodsucking Pharaohs in Pittsburgh,Comedy,"Dengel, Jake","Smithey, Alan"
1972,129,Roma,Drama,"Gonzales, Peter","Fellini, Federico"
1979,122,"China Syndrome, The",Drama,"Douglas, Michael","Bridges, James"
1986,100,"Morning After, The",Mystery,"Bridges, Jeff","Lumet, Sidney"
1971,114,Klute,Drama,"Sutherland, Donald","Pakula, Alan J."
1979,113,"Electric Horseman, The",Comedy,"Redford, Robert","Pollack, Sydney"
1965,97,Cat Ballou,Comedy,"Marvin, Lee","Silverstein, Elliot"
1940,130,Rebecca,Drama,"Olivier, Laurence","Hitchcock, Alfred"
1944,96,Jane Eyre,Drama,"Welles, Orson","Stevenson, Robert"
1973,87,Stacey!,Action,"Randall, Anne","Sidaris, Andy"
1992,85,Naked Obsession,Mystery,"Katt, William","Golden, Dan"
1989,83,"Stripped to Kill II, Live Girls",Mystery,"Lottimer, Ed","Ruben, Katt Shea"
1990,94,"Rain Killer, The",Mystery,"Sharkey, Ray","Stein, Ken"
1983,95,Valley Girl,Comedy,"Cage, Nicolas","Coolidge, Martha"
1991,118,"Silence of the Lambs, The",Mystery,"Hopkins, Anthony","Demme, Jonathan"
1988,98,Stealing Home,Drama,"Harmon, Mark","Kampmann, Steven "
1972,92,Napoleon & Samantha,Comedy,"Douglas, Michael","McEveety, Bernard"
1989,103,My Left Foot,Drama,"Day-Lewis, Daniel","Sheridan, Jim"
1987,92,Back to the Beach,Comedy,"Avalon, Frankie","Hobbs, Lyndall"
1934,85,"Painted Veil, The",Drama,"Marshall, Herbert","Boleslawski, Richard"
1931,74,Inspiration,Drama,"Apfel, Oscar","Brown, Clarence"
1930,92,Anna Christie,Drama,"Bickford, Charles","Brown, Clarence"
1926,109,"Flesh & the Devil, The",Drama,"Gilbert, John","Brown, Clarence"
1928,90,Woman of Affairs,Drama,"Gilbert, John","Brown, Clarence"
1935,96,Anna Karenina,Drama,"March, Fredric","Brown, Clarence"
1936,110,Camille,Drama,"Taylor, Robert","Cukor, George"
1931,91,Mata Hari,Drama,"Novarro, Ramon","Fitzmaurice, George"
1929,100,Wild Orchids,Drama,"Stone, Lewis","Franklin, Sidney"
1932,112,Grand Hotel,Drama,"Barrymore, John","Goulding, Edmund"
1931,84,"Susan Lennox, Her Fall & Rise",Drama,"Hale, Alan","Leonard, Robert Z."
1939,108,Ninotchka,Comedy,"Douglas, Melvyn","Lubitsch, Ernst"
1933,97,Queen Christina,Drama,"Gilbert, John","Mamoulian, Rouben"
1928,96,"Mysterious Lady, The",Drama,"Nagel, Conrad","Niblo, Fred"
1925,125,Joyless Street,Drama,"Stuart, Henry","Pabst, Georg Wilhelm"
1929,74,"Single Standard, The",Drama,"Asther, Nils","Robertson, John S."
1932,71,As You Desire Me,Drama,"Douglas, Melvyn",
1930,76,Romance,Drama,"Stone, Lewis",
1962,105,A Child Is Waiting,Drama,"Lancaster, Burt","Cassavetes, John"
1982,116,Tootsie,Comedy,"Hoffman, Dustin","Pollack, Sydney"
1989,86,Let It Ride,Comedy,"Dreyfuss, Richard","Pytka, Joe"
1953,120,Julius Caesar,Drama,"Brando, Marlon","Mankiewicz, Joseph L."
1979,120,Nineteen Forty-One,Comedy,"Belushi, John","Spielberg, Steven"
1975,124,Jaws,Action,"Scheider, Roy","Spielberg, Steven"
1987,93,Hot Pursuit,Drama,"Cusack, John","Lisberger, Steven"
1989,120,Triumph of the Spirit,Drama,"Dafoe, Willem","Young, Robert M."
1975,111,Brannigan,Drama,"Wayne, John","Hickox, Douglas"
1979,89,Buffet Froid,Comedy,"Depardieu, Gérard","Blier, Bertrand"
1986,122,Salvador,Drama,"Woods, James","Stone, Oliver"
1959,102,"Horse Soldiers, The",Western,"Wayne, John","Ford, John"
1954,108,Long John Silver,Action,"Newton, Robert","Haskin, Byron"
1961,134,"Hustler, The",Drama,"Newman, Paul","Rossen, Robert"
1983,109,"Star Chamber, The",Drama,"Douglas, Michael","Hyam, Peter"
1988,100,Clara's Heart,Drama,"Ontkean, Michael","Mulligan, Robert"
1987,102,Burglar,Comedy,"Goldthwait, Bob","Wilson, Hugh"
1986,120,Comic Relief,Comedy,"Crystal, Billy",
1978,117,Bloodbrothers,Drama,"Sorvino, Paul","Mulligan, Robert"
1988,134,Rain Man,Drama,"Hoffman, Dustin","Levinson, Barry"
1966,95,Masculine Feminine,Drama,"Leaud, Jean-Pierre","Godard, Jean-Luc"
1964,51,"Outer Limits, The",Science Fiction,"Perrin, Vic","Stanley, Paul"
1979,180,"Last Ride of the Dalton Gang, The",Western,"Palance, Jack","Curtis, Dan"
1932,66,Number Seventeen,Crime,"Lion, Leon M.","Hitchcock, Alfred"
1986,120,Manhunter,Drama,"Petersen, William L.","Mann, Michael"
1990,126,"Bonfire of the Vanities, The",Drama,"Hanks, Tom","De Palma, Brian"
1988,115,Working Girl,Comedy,"Ford, Harrison","Nichols, Mike"
1992,133,Shining Through,Mystery,"Douglas, Michael","Seltzer, David"
1991,76,Slumber Party Massacre III,Horror,"Christian, Keely",
1988,99,Tokyo Pop,Comedy,"Tadokoro, Yutaka","Kuzui, Fran Rubel"
1991,136,Terminator 2,Action,"Schwarzenegger, Arnold","Cameron, James"
1984,108,"Terminator, The",Action,"Schwarzenegger, Arnold","Cameron, James"
1986,105,King Kong Lives!,Action,"Kerwin, Brian","Guillermin, John"
1969,125,Those Daring Young Men in Their Jaunty,Comedy,"Curtis, Tony",
1991,186,At Play in the Fields of the Lord,Drama,"Berenger, Tom","Babenco, Hector"
1992,99,Memoirs of an Invisible Man,Comedy,"Chase, Chevy","Carpenter, John"
1985,100,"Clan of the Cave Bear, The",Drama,"Remar, James","Chapman, Michael"
1983,82,"Final Terror, The",Horror,"Zmed, Adrian","Davis, Andrew"
1984,93,Reckless,Drama,"Quinn, Aidan","Foley, James"
1987,107,Roxanne,Comedy,"Martin, Steve","Schepisi, Fred"
1982,117,Blade Runner,Action,"Ford, Harrison","Scott, Ridley"
1987,126,Wall Street,Drama,"Douglas, Michael","Stone, Oliver"
1992,111,Pope of Greenwich Village,Drama,"Rourke, Mickey",
1989,89,After School,Drama,"Bottoms, Sam",
1938,298,Flaming Frontiers,Western,"Brown, Johnny Mack","Taylor, Ray"
1936,89,Libeled Lady,Comedy,"Powell, William","Conway, Jack"
1976,99,Inserts,Drama,"Dreyfuss, Richard","Byrum, John"
1988,88,"Blue Iguana, The",Drama,"McDermott, Dylan","Lafia, John"
1983,93,Tender Mercies,Drama,"Duvall, Robert","Beresford, Bruce"
1987,96,Nights in White Satin,Drama,"Gilman, Kenneth","Barnard, Michael"
1989,87,Videodrome,Horror,"Woods, James","Cronenberg, David"
1991,96,Intimate Stranger,Mystery,"Russo, James","Holzman, Allan"
1986,110,Highlander,Science Fiction,"Lambert, Christopher","Mulcahy, Russell"
1987,93,Bodycount,Action,"White, Bernie",
1989,104,Tango & Cash,Action,"Stallone, Sylvester","Konchalovsky, Andrei"
1970,94,There's a Girl in My Soup,Comedy,"Sellers, Peter","Boulting, Roy"
1984,100,Swing Shift,Drama,"Russell, Kurt","Demme, Jonathan"
1978,112,Foul Play,Comedy,"Chase, Chevy","Higgins, Colin"
1982,109,Best Friends,Comedy,"Reynolds, Burt","Jewison, Norman"
1972,109,Butterflies Are Free,Drama,"Albert, Edward","Katselas, Milton"
1987,112,Overboard,Comedy,"Russell, Kurt","Marshall, Garry"
1974,103,"Girl from Petrovka, The",Drama,"Holbrook, Hal","Miller, Robert Ellis"
1992,102,Housesitter,Comedy,"Martin, Steve","Oz, Frank"
1986,106,Wildcats,Comedy,"Keach, James","Ritchie, Michael"
1984,100,Protocol,Comedy,"Sarandon, Chris","Ross, Herbert"
1980,102,Seems Like Old Times,Comedy,"Chase, Chevy","Sandrich, Jay"
1974,109,"Sugarland Express, The",Drama,"Johnson, Ben","Spielberg, Steven"
1980,110,Private Benjamin,Comedy,"Assante, Armand","Zieff, Howard"
1991,115,Deceived,Mystery,"Heard, John",
1931,95,Arrowsmith,Drama,"Colman, Ronald","Ford, John"
1972,78,Say Goodbye Maggie Cole,Drama,"McGavin, Darren","Taylor, Jud"
1964,132,Circus World,Drama,"Wayne, John","Hathaway, Henry"
1952,98,Affair in Trinidad,Drama,"Ford, Glenn","Sherman, Vincent"
1948,87,Lady from Shanghai,Mystery,"Welles, Orson","Welles, Orson"
1940,81,Lady in Question,Drama,"Aherne, Brian","Vidor, Charles"
1946,110,Gilda,Drama,"Ford, Glenn","Vidor, Charles"
1948,98,"Loves of Carmen, The",Drama,"Ford, Glenn","Vidor, Charles"
1990,105,Dick Tracy,Comedy,"Beatty, Warren","Beatty, Warren"
1964,130,Marnie,Drama,"Connery, Sean","Hitchcock, Alfred"
1987,85,Hot Child in the City,Mystery,"Prysirr, Geof","Florea, John"
1984,90,Johnny Dangerously,Comedy,"Piscopo, Joe","Heckerling, Amy"
1985,95,Stark,Mystery,"Surovy, Nicolas","Holcomb, Rod"
1949,84,Three Strange Loves,Drama,"Malmsten, Birger","Bergman, Ingmar"
1964,170,My Fair Lady,Music,"Harrison, Rex","Cukor, George"
1960,123,"Unforgiven, The",Drama,"Lancaster, Burt","Huston, John"
1976,106,Robin & Marian,Action,"Connery, Sean","Lester, Richard"
1961,109,"Children's Hour, The",Drama,"Garner, James","Wyler, William"
1956,121,"Rainmaker, The",Drama,"Lancaster, Burt","Anthony, Joseph"
1952,95,Pat & Mike,Comedy,"Tracy, Spencer","Cukor, George"
1968,134,"Lion in Winter, THe",Drama,"O'Toole, Peter","Harvey, Anthony"
1991,132,"Sea of Grass, The",Western,"Tracy, Spencer","Kazan, Elia"
1967,108,Guess Who's Coming to Dinner,Drama,"Tracy, Spencer","Kramer, Stanley"
1957,153,Desk Set,Comedy,"Tracy, Spencer","Lang, Walter"
1975,107,Rooster Cogburn,Western,"Wayne, John","Miller, Stuart"
1981,109,On Golden Pond,Drama,"Fonda, Henry","Rydell, Mark"
1991,101,Adam's Rib,Comedy,"Tracy, Spencer",
1991,116,Boom Town,Drama,"Tracy, Spencer",
1991,145,Dragon Seed,Drama,"Tracy, Spencer",
1991,115,Little Women,Drama,"Tracy, Spencer",
1991,113,"Philadelphia Story, The",Comedy,"Tracy, Spencer",
1991,112,Without Love,Comedy,"Tracy, Spencer",
1991,113,Woman of the Year,Comedy,"Tracy, Spencer",
1992,95,Juice,Drama,"Shakur, Tupac","Dickerson, Ernest R."
1986,114,Hoosiers,Drama,"Hackman, Gene","Anspaugh, David"
1987,112,Tin Men,Comedy,"Dreyfuss, Richard","Levinson, Barry"
1988,163,"Last Temptation of Christ, The",Drama,"Dafoe, Willem","Scorsese, Martin"
1991,99,Paris Trout,Drama,"Hopper, Dennis",
1988,87,Souvenir,Drama,"Plummer, Christopher","Reeve, Geoffrey"
1966,120,A Man for All Seasons,Drama,"Shaw, Robert","Zinnemann, Fred"
1986,90,Knights & Emeralds,Drama,"Leadbitter, Bill","Emes, Ian"
1989,83,Masque of the Red Death,Horror,"MacNee, Patrick","Brand, Larry"
1943,265,"Adventures of Smilin' Jack, The",Mystery,"Brown, Tom","Taylor, Ray"
1992,88,Adventures in Dinosaur City,Action,"Katz, Omri","Thompson, Brett"
1987,95,"Allnighter, The",Comedy,"Terlesky, John","Hoffs, Tamar Simon"
1980,99,Caddyshack,Comedy,"Chase, Chevy","Ramis, Harold"
1973,102,Tom Sawyer,Music,"Whitaker, Johnny","Taylor, Don"
1987,94,"Rita, Sue & Bob Too",Comedy,"Finneran, Siohban","Clarke, Alan"
1947,56,Hawk of Powder River,Western,"Dean, Eddie","Taylor, Ray"
1928,148,Tempest,Drama,"Barrymore, John","Taylor, Sam"
1986,90,Running Mates,Drama,"Webb, Greg","Neff, Thomas L."
1987,105,Prettykill,Drama,"Birney, David","Kaczender, George"
1934,80,Judge Priest,Drama,"Rogers, Will","Ford, John"
1950,104,Harvey,Comedy,"Stewart, James","Koster, Henry"
1991,89,If Looks Could Kill,Action,"Grieco, Richard","Wilmington, Michael"
1987,94,Raising Arizona,Comedy,"Cage, Nicolas","Coen, Joel"
1989,114,Once Around,Comedy,"Dreyfuss, Richard","Hallström, Lasse"
1980,110,Loulou,Drama,"Depardieu, Gérard","Pialat, Maurice"
1982,136,"World According to Garp, The",Drama,"Williams, Robin","Hill, George Roy"
1980,106,Virus,Science Fiction,"Kennedy, George","Fukasaku, Kinji"
1940,127,Northwest Passage,Action,"Tracy, Spencer","Vidor, King"
1987,112,Gardens of Stone,Drama,"Caan, James","Coppola, Francis Ford"
1989,121,"Enemies, a Love Story",Drama,"Silver, Ron","Mazursky, Paul"
1992,102,"Addams Family, The",Comedy,"Julia, Raul","Sonnenfeld, B."
1932,65,Freaks,Horror,"Ford, Wallace","Browning, Tod"
1991,108,Necessary Roughness,Comedy,"Bakula, Scott","Dragoti, Stan"
1990,93,A Show of Force,Drama,"Garcia, Andy","Barreto, Bruno"
1980,129,"Competition, The",Drama,"Dreyfuss, Richard","Oliansky, Joel"
1988,97,Crossing Delancey,Comedy,"Riegert, Peter","Silver, Joan Micklin"
1982,120,"State of Things, The",Drama,"Kime, Jeffrey","Wenders, Wim"
1987,89,Business As Usual,Comedy,"Thaw, John","Barrett, Lezli-An"
1973,103,A Touch of Class,Comedy,"Segal, George","Frank, Melvin"
1970,129,Women in Love.,Drama,"Bates, Alan","Russell, Ken"
1988,89,Salome's Last Dance,Comedy,"Johns, Stratford","Russell, Ken"
1986,100,Casino,Mystery,"Connors, Mike","Chaffey, Don"
1955,108,Smiles of a Summer Night,Comedy,"Björnstrand, Gunnar","Bergman, Ingmar"
1989,90,New Year's Day,Comedy,"Jaglom, Henry","Jaglom, Henry"
1981,132,Mephisto,Drama,"Brandauer, Klaus Maria","Szabó, István"
1927,60,Easy Virtue,Mystery,"Dyall, Franklin","Hitchcock, Alfred"
1937,59,Swing It Sailor!,Comedy,"Ford, Wallace",
1991,83,Strictly Business,Comedy,"Davidson, Tommy","Hooks, Kevin"
1983,90,Blame It on Rio,Comedy,"Caine, Michael","Donen, Stanley"
1987,86,Straight to Hell,Action,"Hopper, Dennis","Cox, Alex"
1990,131,A View to a Kill,Action,"Moore, Roger",
1986,100,American Anthem,Drama,"Gaylord, Mitch","Magnoli, Albert"
1963,99,Bedtime Story,Comedy,"Brando, Marlon","Levy, Ralph"
1991,117,"Courtship of Eddie's Father, The",Comedy,"Howard, Ron",
1988,102,"Night Train to Katmandu, THe",Action,"Roberts, Pernell","Wiemer, Robert"
1948,100,Port of Call,Drama,"Eklund, Bengt","Bergman, Ingmar"
1973,103,Paper Moon,Comedy,"O'Neal, Ryan","Bogdanovich, Peter"
1983,97,Yellowbeard,Comedy,"Chapman, Graham","Damski, Mel"
1975,91,Adventures of Sherlock Holmes' Smarter,Comedy,"Wilder, Gene","Wilder, Gene"
1990,108,Flashback,Comedy,"Hopper, Dennis","Amurri, Franco"
1977,89,"World's Greatest Lover, The",Comedy,"Wilder, Gene","Wilder, Gene"
1955,67,Killer's Kiss,Mystery,"Silvera, Frank","Kubrick, Stanley"
1988,103,"Deceivers, The",Action,"Brosnan, Pierce","Meyer, Nicholas"
1983,97,Breathless,Action,"Gere, Richard","McBride, Jim"
1989,145,Born on the Fourth of July,Drama,"Cruise, Tom","Stone, Oliver"
1991,120,Awakenings,Drama,"De Niro, Robert","Marshall, Penny"
1977,94,Annie Hall,Comedy,"Allen, Woody","Allen, Woody"
1979,96,Manhattan,Comedy,"Allen, Woody","Allen, Woody"
1981,195,Reds,Drama,"Beatty, Warren","Beatty, Warren"
1986,105,Crimes of the Heart,Comedy,"Shepard, Sam","Beresford, Bruce"
1977,136,Looking for Mr. Goodbar,Drama,"Atherton, William","Brooks, Richard"
1972,175,"Godfather, The",Drama,"Brando, Marlon","Coppola, Francis Ford"
1974,201,"Godfather, Pt 2., The",Drama,"Pacino, Al","Coppola, Francis Ford"
1976,109,"I Will, I Will...For Now",Comedy,"Gould, Elliott","Panama, Norman"
1972,86,"Play It Again, Sam",Comedy,"Allen, Woody","Ross, Herbert"
1975,82,Love & Death,Comedy,"Allen, Woody",
1973,88,Sleeper,Comedy,"Allen, Woody",
1970,130,Fellini Satyricon,Drama,"Potter, Martin","Fellini, Federico"
1980,117,"Formula, The",Mystery,"Scott, George C.","Avildsen, John G."
1977,143,Black Sunday,Drama,"Shaw, Robert","Frankenheimer, John"
1977,124,Bobby Deerfield,Drama,"Pacino, Al","Pollack, Sydney"
1972,98,Last of the Red Hot Lovers,Comedy,"Arkin, Alan","Saks, Gene"
1953,116,Mogambo,Action,"Gable, Clark","Ford, John"
1955,103,To Catch a Thief,Mystery,"Grant, Cary","Hitchcock, Alfred"
1954,113,Rear Window,Mystery,"Stewart, James","Hitchcock, Alfred"
1945,69,Woman Who Came Back,Drama,"Kruger, Otto","Colmes, Walter"
1939,101,Stanley & Livingstone,Action,"Tracy, Spencer","King, Henry"
1956,129,"Bad Seed, The",Horror,"Jones, Henry","LeRoy, Mervyn"
1989,113,Lethal Weapon 2,Action,"Gibson, Mel","Donner, Richard"
1992,79,Blame It on the Bellboy,Comedy,"Moore, Dudley","Herman, Mark"
1927,62,"Drop Kick, The",Drama,"Barthelmess, Richard","Webb, Millard"
1978,145,"Superman, The Movie",Action,"Brando, Marlon","Donner, Richard"
1987,90,Superman IV: The Quest for Peace,Action,"Reeve, Christopher","Furie, Sidney J."
1970,90,Quackser Fortune Has a Cousin in the Bronx,Comedy,"Wilder, Gene","Waris, Hussein"
1989,96,Dead Calm,Mystery,"Neill, Sam","Noyce, Phillip"
1990,107,Days of Thunder,Action,"Cruise, Tom","Scott, Tony"
1987,101,My Life As a Dog,Comedy,"Glanzelius, Anton","Hallström, Lasse"
1984,150,"Paris, Texas",Drama,"Stanton, Harry Dean","Wenders, Wim"
1984,96,Unfaithfully Yours,Comedy,"Moore, Dudley","Zieff, Howard"
1987,95,Bullseye!,Comedy,"Caine, Michael","Winner, Michael"
1989,104,Erik the Viking,Action,"Robbins, Tim","Jones, Terry"
1987,90,Dragonard,Drama,"Reed, Oliver","Kikoine, Gerard"
1986,90,Hard Choices,Drama,"McCleery, Gary","King, Rick"
1969,102,"Rain People, The",Drama,"Caan, James","Coppola, Francis Ford"
1984,106,A Year of the Quiet Sun,Drama,"Wilson, Scott","Zanussi, Krzystoff"
1935,54,"Desert Trail, The",Western,"Wayne, John","Collins, Lewis D."
1990,98,Almost an Angel,Comedy,"Hogan, Paul","Cornell, John"
1986,98,Crocodile Dundee,Comedy,"Hogan, Paul","Faiman, Peter"
1977,127,"American Friend, The",Mystery,"Hopper, Dennis","Wenders, Wim"
1989,119,See You in the Morning,Drama,"Bridges, Jeff","Pakula, Alan J."
1987,88,"Arrogant, The",Drama,"Graham, Gary","Blot, Philippe"
1989,86,Dracula's Widow,Horror,"Sommer, Josef","Coppola, Christopher"
1987,90,Ninja Masters of Death,Action,"Peterson, Chris","Lambert, Bruce"
1990,110,Mystery Train,Comedy,"Nagase, Masatoshi","Jarmusch, Jim"
1978,114,Go Tell the Spartans,War,"Lancaster, Burt","Post, Ted"
1986,89,True Stories,Comedy,"Goodman, John","Byrne, David"
1953,94,Ugetsu Monogatari,Drama,"Mori, Masayuki","Mizoguchi, Kenji"
1969,80,Rebel Rousers,Action,"Nicholson, Jack","Cohen, Martin B."
1988,98,Plain Clothes,Comedy,"Howard, Arliss","Coolidge, Martha"
1981,119,"Whose Life Is It, Anyway?",Drama,"Dreyfuss, Richard","Badham, John"
1988,116,Running on Empty,Drama,"Hirsch, Judd","Lumet, Sidney"
1990,101,Funny about Love,Comedy,"Wilder, Gene","Nimoy, Leonard"
1985,118,"A Chorus Line, The Movie",Music,"Douglas, Michael","Attenborough, Richard"
1986,84,Stewardess School,Comedy,"Most, Donald","Blancato, Ken"
1987,109,"Big Town, The",Drama,"Dillon, Matt","Bolt, Ben"
1983,94,Rumble Fish,Drama,"Dillon, Matt","Coppola, Francis Ford"
1983,91,"Outsiders, The",Drama,"Howell, C. Thomas","Coppola, Francis Ford"
1990,94,Priceless Beauty,Science Fiction,"Lambert, Christopher","Finch, Charles"
1989,93,Streets of Fire,Action,"Paré, Michael","Hill, Walter"
1990,115,Men Don't Leave,Drama,"Howard, Arliss","Brickman, Paul"
1988,127,Everybody's All American,Romance,"Quaid, Dennis","Hackford, Taylor"
1992,128,Cape Fear,Mystery,"De Niro, Robert","Scorsese, Martin"
1992,121,"Postman Always Rings Twice, The",Mystery,"Nicholson, Jack",
1949,58,Crashing Thru,Western,"Wilson, Whip","Taylor, Ray"
1978,109,Get Out Your Handkerchiefs,Comedy,"Depardieu, Gérard","Blier, Bertrand"
1971,137,"Boy Friend, THe",Music,"Gable, Christopher","Russell, Ken"
1990,100,Hard To Kill,Action,"Seagal, Steven","Malmuth, Bruce"
1960,109,Psycho,Horror,"Perkins, Anthony","Hitchcock, Alfred"
1957,112,Jet Pilot,Action,"Wayne, John","Sternberg, Josef von"
1987,95,Under Cover,Mystery,"Neidorf, David","Stockwell, John"
1951,122,A Streetcar Named Desire,Drama,"Brando, Marlon","Kazan, Elia"
1986,93,"Golden Child, The",Comedy,"Murphy, Eddie","Ritchie, Michael"
1971,84,"Statue, The",Drama,"Niven, David","Amateau, Rod"
1985,128,Christopher Columbus,Drama,"Byrne, Gabriel","Lattuada, Alberto"
1989,116,In Country,Drama,"Willis, Bruce","Jewison, Norman"
1978,132,"Wild Geese, The",Action,"Burton, Richard","McLaglen, Andrew V."
1974,90,"Second Coming of Suzanne., The",Drama,"Dreyfuss, Richard","Barry, Michael"
1980,116,Bronco Billy,Westerns,"Eastwood, Clint","Eastwood, Clint"
1977,109,"Gauntlet, The",Action,"Eastwood, Clint","Eastwood, Clint"
1986,105,Ratboy,Drama,"Townsend, Robert","Locke, Sondra"
1938,96,Lady Vanishes,Mystery,"Redgrave, Michael","Hitchcock, Alfred"
1987,95,"Kitchen Toto, THe",Drama,"Peck, Bob","Hook, Harry"
1959,88,Carlton-Browne of the F.O.,Comedy,Terry-Thomas,"Boulting, Roy"
1929,68,Racketeer,Drama,"Armstrong, Robert","Higgin, Howard"
1941,95,Mr. & Mrs. Smith,Comedy,"Montgomery, Robert","Hitchcock, Alfred"
1986,132,Alrededor de Medianoche,Drama,Francois Cluzet,"Rayfield, David"
1982,101,Losin' It,Comedy,"Cruise, Tom","Hanson, Curtis"
1987,114,Into the Homeland,Action,"Boothe, Powers","Glatter, Lesli Linka"
1991,60,Boxing Babes,Action,"Nichol, Robin","Dell, Stewart"
1991,94,Shock 'em Dead,Horror,"Donahue, Troy","Freed, Mark"
1960,101,Heller in Pink Tights,Drama,"Quinn, Anthony","Cukor, George"
1961,100,Two Women,Drama,"Belmondo, Jean-Paul","De Sica, Vittorio"
1954,107,"Gold of Naples, The",Drama,"De Sica, Vittorio","De Sica, Vittorio"
1963,118,"Yesterday, Today & Tomorrow",Comedy,"Mastroianni, Marcello","De Sica, Vittorio"
1957,109,Legend of the Lost,Action,"Wayne, John","Hathaway, Henry"
1978,111,Brass Target,Action,"Cassavetes, John","Hough, John"
1964,188,"Fall of the Roman Empire, The",Drama,"Boyd, Stphen","Mann, Anthony"
1961,172,El Cid,Drama,"Heston, Charlton","Mann, Anthony"
1958,114,Desire under the Elms,Drama,"Perkins, Anthony","Mann, Delbert"
1953,92,Two Nights with Cleo,Drama,"Sordi, Alberto","Mattoli, Mario"
1977,91,Angela,Drama,"Railsback, Steve","Sagal, Boris"
1977,105,A Special Day,Drama,"Mastroianni, Marcello","Scola, Ettore"
1979,112,Blood Feud,Action,"Mastroianni, Marcello","Wertmuller, Lina"
1991,145,"Sophia Loren, Her Own Story",Drama,"Gavin, John",
1991,130,Man of La Mancha,Music,"O'Toole, Peter",
1992,116,Operation Crossbow,Action,"Peppard, George",
1986,141,Courage,Drama,"Williams, Billy Dee",
1986,94,RAD,Action,"Allen, Bill","Needham, Hal"
1992,98,Secret Admirer,Comedy,"Howell, C. Thomas",
1979,85,Cocaine Cowboys,Action,"Palance, Jack","Lommel, Ulli"
1991,118,Test Pilot,Drama,"Gable, Clark",
1943,64,"Ape Man, The",Horror,"Ford, Wallace","Beaudine, William"
1986,125,"Mission, The",Drama,"De Niro, Robert","Joffe, Roland"
1991,102,Curly Sue,Comedy,"Belushi, Jim","Hughes, John"
1962,150,Lolita,Drama,"Mason, James","Kubrick, Stanley"
1989,101,"Sex, Lies, and Videotape",Drama,"Spader, James","Soderbergh, Steven"
1990,107,Green Card,Comedy,"Depardieu, Gérard","Weir, Peter"
1988,95,Gator Bait II,Action,"Muzzcat, Paul","Sebastian, Beverly"
1979,129,Being There,Comedy,"Sellers, Peter","Ashby, Hal"
1983,132,Terms of Endearment,Drama,"Nicholson, Jack","Brooks, James L."
1967,99,Woman Times Seven,Comedy,"Sellers, Peter","De Sica, Vittorio"
1990,101,Postcards from the Edge,Comedy,"Quaid, Dennis","Nichols, Mike"
1970,105,Two Mules for Sister Sara,Western,"Eastwood, Clint","Siegel, Don"
1992,84,Dragonfight,Drama,"Z'Dar, Robert",
1939,85,Back Door to Heaven,Drama,"Ford, Wallace","Howard, William K."
1988,100,"Ciao Italia, Madonna Live from Italy",Music,,"De Winter, Harry"
1991,118,"Madonna, Truth or Dare",Music,,"Keshishian, Alek"
1992,60,A Certain Sacrifice,Music,"Pattnosh, Jeremy","Lewicki, Steven Jon"
1991,40,"National Enquirer, The Untold Story",Music,"White, Vanna",
1990,60,"Immaculate Collection, The",Music,,
1987,50,"Madonna Live, The Virgin Tour",Music,,
1990,5,"Madonna, Justify My Love",Music,,
1991,16,"Madonna, Like a Virgin",Music,,
1988,83,Hot to Trot,Comedy,"Goldthwait, Bob","Dinner, Michael"
1986,103,Fire with Fire,Drama,"Sheffer, Craig","Gibbins, Duncan"
1990,120,Hot Spot,Drama,"Johnson, Don","Hopper, Dennis"
1974,124,Amarcord,Drama,"Noel, Magali","Fellini, Federico"
1988,85,Casablanca Express,Action,"Connery, Jason","Martino, Sergio"
1980,94,Out of the Blue,Drama,"Hopper, Dennis","Hopper, Dennis"
1949,110,Sands of Iwo Jima,War,"Wayne, John","Dwan, Allan"
1981,104,"Hand, The",Horror,"Caine, Michael","Stone, Oliver"
1989,81,Deep Cover,Mystery,"Conti, Tom","Loncraine, Richard"
1955,92,Il Bidone,Drama,"Crawford, Broderick","Fellini, Federico"
1986,130,El Guerrero Solitario,Drama,"Eastwood, Clint","Eastwood, Clint"
1986,130,Heartbreak Ridge,War,"Eastwood, Clint","Eastwood, Clint"
1977,110,"Goodbye Girl, The",Comedy,"Dreyfuss, Richard","Ross, Herbert"
1991,113,Audrey Rose,Drama,"Hopkins, Anthony",
1981,86,Polyester,Comedy,Divine,
1991,144,Robin Hood: Prince of Thieves,Action,"Costner, Kevin","Costner, Kevin"
1992,101,White Sands,Drama,"Dafoe, Willem","Donaldson, Roger"
1986,119,"Color of Money, The",Drama,"Newman, Paul","Scorsese, Martin"
1986,119,Children of a Lesser God,Drama,"Hurt, William","Haines, Randa"
1989,88,Women on the Verge of a Nervous Breakdown,Comedy,"Banderas, Antonio","Almodóvar, Pedro"
1980,86,Pepi Luci Bom,Comedy,"Rotaeta, Félix","Almodóvar, Pedro"
1989,100,"Forgotten, The",Mystery,"Carradine, Keith","Keach, James"
1992,89,"Flame & the Arrow, The",Action,"Lancaster, Burt",
1990,92,After the Shock,Drama,"Kotto, Yaphet","Sherman, Gary"
1990,110,Modern Love,Comedy,"Benson, Robby",
1992,95,Riff Raff,Comedy,"Carlyle, Robert","Loach, Ken"
1967,81,"Glory Stompers, The",Action,"Hopper, Dennis","Lanza, Anthony M."
1990,181,Dances with Wolves,Western,"Costner, Kevin","Costner, Kevin"
1987,130,Matewan,Drama,"Jones, James Earl","Sayles, John"
1988,120,Mississippi Burning,Drama,"Hackman, Gene","Parker, Alan"
1975,130,"Eiger Sanction, The",Action,"Eastwood, Clint","Eastwood, Clint"
1988,109,Unsettled Land,Drama,"Shea, John","Barbash, Uri"
1991,98,Cat Chaser,Drama,"Weller, Peter","Ferrera, Abel"
1988,110,"Accused, The",Drama,"Coulson, Bernie","Kaplan, Jonathan"
1989,109,Winter People,Drama,"Russell, Kurt","Kotcheff, Ted"
1983,101,"Reuben, Reuben",Comedy,"Conti, Tom","Miller, Robert Ellis"
1987,102,Made in Heaven,Fantasy,"Hutton, Timothy","Rudolph, Alan"
1986,109,Top Gun,Action,"Cruise, Tom","Scott, Tony"
1985,112,Witness,Drama,"Ford, Harrison","Weir, Peter"
1988,111,"House on Carroll Street, The",Mystery,"Daniels, Jeff",
1984,109,Racing with the Moon,Drama,"Penn, Sean","Benjamin, Richard"
1983,98,Lovesick,Comedy,"Moore, Dudley","Brickman, Marshall"
1988,106,She's Having a Baby,Comedy,"Hughes, Kevin Bacon",
1965,199,"Greatest Story Ever Told, The",Drama,"Sydow, Max von","Stevens, George"
1989,105,Hawks,Drama,"Dalton, Timothy","Miller, Robert Ellis"
1981,91,So Fine,Comedy,"O'Neal, Ryan","Bergman, Andrew"
1957,89,Paths of Glory,Drama,"Douglas, Kirk","Kubrick, Stanley"
1964,120,Tom Jones,Drama,"Ustinov, Peter","Dassin, Jules"
1975,103,"Sunshine Boys, The",Comedy,"Burns, George","Ross, Herbert"
1988,98,Caddyshack 2,Comedy,"Mason, Jackie","Arkush, Allan"
1990,117,Internal Affairs,Drama,"Gere, Richard","Figgis, Mike"
1991,206,JFK,Drama,"Costner, Kevin","Stone, Oliver"
1991,97,New Jack City,Action,"Snipes, Wesley","Van Peebles, Mario"
1991,87,Scenes from a Mall,Comedy,"Allen, Woody",
1987,118,Hope & Glory,War,"Hayman, David","Boorman, John"
1970,194,Ryan's Daughter,Drama,"Mitchum, Robert","Lean, David"
1973,127,"Man Who Loved Cat Dancing, The",Western,"Reynolds, Burt","Sarafian, Richard C."
1962,123,"Man Who Shot Liberty Valance, The",Western,"Stewart, James","Ford, John"
1989,102,Dead-Bang,Action,"Johnson, Don","Frankenheimer, John"
1988,90,Big Top Pee-wee,Comedy,"Reubens, Paul","Kleiser, Randal"
1960,103,"Time Machine, The",Science Fiction,"Taylor, Rod","Pal, George"
1972,128,Cabaret,Drama,"Grey, Joel","Fosse, Bob"
1981,97,Arthur,Comedy,"Moore, Dudley","Gordon, Steve"
1976,97,A Matter of Time,Drama,"Boyer, Charles","Minnelli, Vincente"
1977,137,"New York, New York",Drama,"De Niro, Robert","Scorsese, Martin"
1989,89,"Nightmare on Elm Street, Pt. 5, The Dream Child",Horror,"Englund, Robert","Hopkins, Stephen"
1980,100,"Fiendish Plot of Dr. Fu Manchu, The",Comedy,"Sellers, Peter","Haggard, Piers"
1991,240,Four American Composers,Music,"Cage, John","Greenaway, Peter"
1950,112,"Asphalt Jungle, The",Action,"Hayden, Sterling","Huston, John"
1992,61,Ladies of the Chorus,Music,"Garr, Eddie","Karlson, Phil"
1953,95,How to Marry a Millionaire,Comedy,"Powell, William","Negulesco, Jean"
1991,94,Nothing But Trouble,Comedy,"Candy, John","Aykroyd, Dan"
1987,109,Wisdom,Action,"Estevez, Emilio","Estevez, Emilio"
1986,94,One Crazy Summer,Comedy,"Cusack, John","Holland, Savage Steve"
1989,110,We're No Angels,Comedy,"De Niro, Robert","Jordan, Neil"
1984,102,No Small Affair,Comedy,"Cryer, Jon","Schatzberg, Jerry"
1990,127,Ghost,Science Fiction,"Swayze, Patrick","Zucker, Jerry"
1986,113,About Last Night,Drama,"Lowe, Rob","Zwick, Edward"
1982,107,Six Weeks,Drama,"Moore, Dudley","Bill, Tony"
1948,89,Return of October,Comedy,"Ford, Glenn","Lewis, Joseph H."
1952,99,"Come Back, Little Sheba",Drama,"Lancaster, Burt","Mann, Daniel"
1974,117,Going Places,Drama,"Depardieu, Gérard","Blier, Bertrand"
1970,99,Monte Walsh,Western,"Marvin, Lee","Fraker, William A."
1955,100,Mr. Arkadin,Drama,"Welles, Orson","Welles, Orson"
1968,90,"Producers, The",Comedy,"Wilder, Gene","Brooks, Mel"
1976,94,"Front, The",Drama,"Allen, Woody","Ritt, Martin"
1987,86,House of the Rising Sun,Drama,"Annese, Frank","Gold, Greg"
1988,91,In a Shallow Grave,Drama,"Biehn, Michael","Bowser, Kenneth"
1974,111,Mc Q,Action,"Wayne, John","Sturges, John"
1941,85,Lady from Louisiana,Drama,"Wayne, John","Vorhaus, Bernard"
1990,102,Wait Until Spring Bandini,Drama,"Mantegna, Joe","Deruddere, Dominique"
1940,105,"Long Voyage Home, The",Drama,"Wayne, John","Ford, John"
1955,100,"Trouble with Harry, The",Mystery,"Forsythe, John","Hitchcock, Alfred"
1987,60,Encounters,Drama,"Von Bergan, Raven","Marder, Bruce"
1963,112,Hud,Drama,"Newman, Paul","Ritt, Martin"
1951,111,Operation Pacific,War,"Wayne, John",
1987,83,Surf Nazis Must Die,Horror,"Brenner, Barry","George, Peter"
1956,124,Teahouse of the August Moon,Drama,"Brando, Marlon","Mann, Daniel"
1992,88,Back in the U.S.S.R.,Action,"Whaley, Frank",
1970,91,"Man Who Haunted Himself, The",Drama,"Moore, Roger","Dearden, Basil"
1991,108,Prisoner of Honor.,Drama,"Dreyfuss, Richard","Russell, Ken"
1988,83,Control,Drama,"Lancaster, Burt",
1923,57,Desert Rider,Western,"Hoxie, Jack","Bradbury, Robert N."
1980,109,Wholly Moses!,Comedy,"Moore, Dudley","Weis, Gary"
1991,110,Star Trek VI: The Undiscovered Country,Science Fiction,"Shatner, William","Meyer, Nicholas"
1989,107,Star Trek V: The Final Frontier,Action,"Shatner, William","Shatner, William "
1991,85,Circuitry Man,Action,"Metzler, Jim","Lovy, Steven"
1986,87,Cobra,Action,"Stallone, Sylvester","Cosmatos, George P."
1987,103,Beverly Hills Cop II,Comedy,"Murphy, Eddie","Scott, Tony"
1990,90,Red Sonja,Action,"Schwarzenegger, Arnold",
1950,93,To Joy,Drama,"Olin, Stig","Bergman, Ingmar"
1992,112,Macbeth,Drama,"Welles, Orson",
1958,128,Vertigo,Drama,"Stewart, James","Hitchcock, Alfred"
1987,91,Young Love: Lemon Popsicle Seven,Comedy,"Katzur, Yftach","Bennett, Walter"
1946,93,Crack-Up,Mystery,"Marshall, Herbert","Reis, Irving"
1941,57,Bury Me Not on the Lone Prairie,Western,"Brown, Johnny Mack","Taylor, Ray"
1940,57,Law & Order,Western,"Brown, Johnny Mack","Taylor, Ray"
1941,56,Man from Montana,Western,"Brown, Johnny Mack","Taylor, Ray"
1992,137,"Long Gray Line, The",Drama,"Power, Tyrone","Ford, John"
1950,105,Rio Grande,Western,"Wayne, John","Ford, John"
1957,107,"Wings of Eagles, The",Drama,"Wayne, John","Ford, John"
1939,94,Jamaica Inn,Drama,"Laughton, Charles","Hitchcock, Alfred"
1971,110,Big Jake,Action,"Wayne, John","Sherman, George"
1992,153,"Quiet Man, The",Drama,"Wayne, John",
1983,72,After the Rehearsal,Drama,"Josephson, Erland","Bergman, Ingmar"
1952,90,Big Jim McLain,Western,"Wayne, John","Ludwig, Edward"
1969,101,Smith!,Western,"Ford, Glenn","O'Herlihy, Michael"
1953,79,"Wild One, The",Drama,"Brando, Marlon","Benedek, Laslo"
1929,129,"Manxman, The",Drama,"Brisson, Carl","Hitchcock, Alfred"
1978,126,International Velvet,Drama,"Hopkins, Anthony","Forbes, Bryan"
1981,104,Scanners,Horror,"Lack, Stephen","Cronenberg, David"
1986,98,Trick or Treat,Horror,"Price, Marc","Smith, Charles Martin"
1982,92,48 Hrs.,Action,"Nolte, Nick","Hill, Walter"
1985,108,"Trip to Bountiful, The",Drama,"Heard, John","Masterson, Peter"
1955,116,Mister Roberts,Comedy,"Fonda, Henry","Ford, John"
1969,127,Z,Drama,"Montand, Yves",Costa-Gavras
1987,139,Maurice,Drama,"Wilby, James","Ivory, James"
1969,114,Hamlet,Drama,"Williamson, Nicol","Richardson, Tony"
1991,117,La Femme Nikita,Drama,"Karyo, Tcheky","Besson, Luc"
1993,95,Honeymoon in Vegas,Comedy,"Caan, James","Bergman, Andrew"
1988,90,Going for the Gold,Action,"Edwards, Anthony","Taylor, Dan"
1976,128,Shout at the Devil,Action,"Marvin, Lee","Hunt, Peter R."
1986,94,A Smoky Mountain Christmas,Music,"Majors, Lee","Winkler, Henry"
1984,95,Getting Physical,Drama,"Naughton, David","Stern, Steven Hilliard"
1990,95,Torn Apart,Drama,"Pasdar, Adrian","Fisher, Jack"
1986,112,From the Hip,Comedy,"Nelson, Judd","Clark, Bob"
1984,102,"Ratings Game, The",Comedy,"DeVito, Danny","DeVito, Danny"
1992,100,Class Act,Drama,"Reid, Christopher",
1986,89,Water,Comedy,"Caine, Michael","Clement, Dick"
1978,88,Silent Movie,Comedy,"Brooks, Mel","Brooks, Mel"
1989,122,Pink Cadillac,Comedy,"Eastwood, Clint","Eastwood, Clint"
1979,94,"Jerk, The",Comedy,"Martin, Steve","Reiner, Carl"
1980,180,Wild Times,,"Elliott, Sam","Compton, Richard"
1986,107,Sweet Liberty,Comedy,"Alda, Alan","Alda, Alan"
1982,115,Grease II,Music,"Caulfield, Maxwell","Birch, Patricia"
1989,104,Married to the Mob,Comedy,"Modine, Matthew","Demme, Jonathan"
1985,121,Ladyhawke,Adventure,"Broderick, Matthew","Donner, Richard"
1989,114,"Fabulous Baker Boys, The",Drama,"Bridges, Jeff","Kloves, Steve"
1985,115,Into the Night,Comedy,"Goldblum, Jeff","Landis, John"
1991,124,"Russia House, The",Drama,"Connery, Sean","Schepisi, Fred"
1988,116,Tequila Sunrise,Mystery,"Gibson, Mel","Towne, Robert"
1989,74,B. A. D. Cats,Action,"Morrow, Vic",
1971,108,"Last Movie, The",Drama,"Hopper, Dennis","Hopper, Dennis"
1973,106,Dillinger,Drama,"Oates, Warren","Milius, John"
1988,360,Little Dorrit,Drama,"Jacobi, Derek","Edzard, Christine"
1927,78,My Best Girl,Drama,"Rogers, Charles","Taylor, Sam"
1989,93,Seizure,Horror,"Frid, Jonathan","Stone, Oliver"
1990,89,A Chorus of Disapproval,Comedy,"Irons, Jeremy","Winner, Michael"
1962,119,Rome Adventure,Drama,"Donahue, Tony","Daves, Delmer"
1992,121,Drowning by Numbers,Mystery,"Hill, Bernard","Greenaway, Peter"
1991,88,Born to Ride,Action,"Stamos, John","Baker, Graham"
1988,94,Her Alibi,Comedy,"Selleck, Tom","Beresford, Bruce"
1988,96,Glitz,Mystery,"Smits, Jimmy",
1990,95,Dangerous Pursuit,Mystery,"Harrison, Gregory","Stern, Sandor"
1962,123,Experiment in Terror,Mystery,"Ford, Glenn","Edwards, Blake"
1972,105,"Hideaways, The",Comedy,"Doran, Johnny","Cook, Fielder"
1965,108,What's New Pussycat,Comedy,"O'Toole, Peter","Donner, Clive"
1965,108,What's New Pussycat?,Comedy,"Sellers, Peter","Donner, Clive"
1983,98,Packin' It In,Comedy,"Benjamin, Richard","Taylor, Jud"
1988,90,"Naked Gun: From the Files of Police Squad!, THe",Comedy,"Nielsen, Leslie","Zucker, David"
1990,106,In Too Deep,Drama,"Race, Hugo","Tatoulis, Colin South, John"
1988,107,Twins,Comedy,"Schwarzenegger, Arnold","Reitman, Ivan"
1988,94,"Experts, The",Comedy,"Travolta, John","Thomas, Dave"
1989,94,Naked Lie,Drama,"Lucking, William","Colla, Richard A."
1987,87,Mistress,Drama,"Rachins, Allan","Tuchner, Michael"
1970,100,Adam at 6 A.M.,Drama,"Douglas, Michael","Scheerer, Robert"
1990,93,Web of Deceit,Drama,"Read, James","Stern, Sandor"
1991,119,New York Stories,Comedy,"Allen, Woody","Coppola, Francis Ford"
1987,97,"Dreams Lost, Dreams Found",Drama,"Robb, David","Patterson, Willi"
1987,103,Au Revoir les Enfants,Drama,"Manesse, Gaspard","Malle, Louis"
1989,122,Quo Vadis,Drama,"Brandauer, Klaus Maria","Rossi, Franco"
1949,100,"Fighting Kentuckian, The",Action,"Wayne, John","Waggner, George"
1974,104,Zardoz,Science Fiction,"Connery, Sean","Boorman, John"
1989,84,Police Academy 6: City under Siege,Comedy,"Smith, Bubba","Bonerz, Peter"
1988,90,Police Academy 5: Assignment Miami Beach,Comedy,"Gaynes, George","Myerson, Alan"
1986,84,Police Academy 3: Back in Training,Comedy,"Guttenberg, Steve","Paris, Jerry"
1991,60,"America's Music, Blues",Music,"Hopkins, Linda","Walton, Kip"
1977,100,Julia,Drama,"Fonda, Vanessa","Zinnemann, Fred"
1971,111,"Devils, The",Drama,"Reed, Oliver","Russell, Ken"
1984,90,Ransom,Drama,"Ford, Glenn","Segal, Alex"
1990,97,Cadillac Man,Comedy,"Williams, Robin","Donaldson, Roger"
1986,104,"Best of Times, The",Comedy,"Williams, Robin","Spottiswoode, Roger"
1985,135,Death of a Salesman,Drama,"Hoffman, Dustin","Schlöndorff, Volker"
1993,104,It Started with a Kiss,Drama,"Ford, Glenn",
1989,88,"Money, The",Drama,"Luckinbill, Laurence",
1987,153,Empire of the Sun,Drama,"Malkovich, John","Spielberg, Steven"
1991,102,"Comfort of Strangers, The",Mystery,"Walken, Christopher","Schrader, Paul"
1969,135,On Her Majesty's Secret Service,Action,"Lazenby, George","Hunt, Peter R."
1986,96,Pretty in Pink,Drama,"Stanton, Harry Dean","Deutch, Howard"
1987,90,PK. & the Kid.,Drama,"LeMat, Paul",
1943,60,"Lone Star Trail, The",Western,"Brown, Johnny Mack","Taylor, Ray"
1986,98,Summer,Comedy,"Gauthier, Vincent","Rohmer, Eric"
1987,93,"Planes, Trains & Automobiles",Comedy,"Martin, Steve","Hughes, John"
1990,119,Pretty Woman,Comedy,"Gere, Richard","Marshall, Garry"
1991,111,Flatliners,Drama,"Sutherland, Kiefer","Schumacher, Joel"
1991,142,Hook,Action,"Williams, Robin","Spielberg, Steven"
1940,56,Riders of Pasco Basin,Western,"Brown, Johnny Mack","Taylor, Ray"
1992,53,"Gotta Dance, Gotta Sing",Music,"Astaire, Fred",
1990,106,Desperate Hours,Mystery,"Rourke, Mickey","Cimino, Michael"
1986,111,Gung Ho,Comedy,"Keaton, Michael","Howard, Ron"
1992,96,Shooting Elizabeth,Mystery,"Goldblum, Jeff","Taylor, Baz"
1951,101,Strangers on a Train,Mystery,"Granger, Farley","Hitchcock, Alfred"
1979,198,"Sacketts, The",Western,"Elliott, Sam","Totten, Robert"
1991,87,To Die Standing,Action,"De Young, Cliff","Morneau, Louis"
1980,92,Rodeo Girl,Drama,"Hopkins, Bo","Cooper, Jackie"
1969,110,Butch Cassidy & the Sundance Kid,Western,"Newman, Paul","Hill, George Roy"
1968,121,Hellfighters,Action,"Wayne, John","McLaglen, Andrew V."
1980,92,"Final Countdown, The",Action,"Douglas, Kirk","Taylor, Don"
1986,120,Blue Velvet,Mystery,"MacLachlan, Kyle","Lynch, David"
1989,110,Cousins,Comedy,"Danson, Ted",
1976,90,Black & White in Color,Comedy,"Carmet, Jean","Annaud, Jean-Jacques"
1988,81,Another Woman,Drama,"Hackman, Gene","Allen, Woody"
1992,128,Night on Earth,Drama,"Benigni, Roberto","Jarmusch, Jim"
1988,92,Permanent Record,Drama,"Boyce, Alan","Silver, Marisa"
1992,138,"Fisher King, The",Drama,"Williams, Robin","Gilliam, Terry"
1991,98,Another You,Comedy,"Pryor, Richard","Phillips, Maurice"
1958,167,"Young Lions, The",Drama,"Brando, Marlon","Dmytryk, Edward"
1988,89,Cheerleader Camp,Horror,"Garrett, Leif","Quinn, John"
1990,98,Trapper County War,Action,"Hudson, Ernie",
1947,96,Angel & the Badman,Western,"Wayne, John","Grant, James Edward"
1990,109,Impulse,Mystery,"Fahey, Jeff","Locke, Sondra"
1988,91,Track Twenty-Nine,Drama,"Oldman, Gary","Roeg, Nicolas"
1991,110,Freejack,Action,"Estevez, Emilio","Richardson, Tony"
1939,109,"John Wayne Matinee Double Feature, No. 1",Western,"Wayne, John",
1988,81,"Smallest Show on Earth, The",Comedy,"Sellers, Peter","Dearden, Basil"
1987,120,Innerspace,Science Fiction,"Quaid, Dennis","Dante, Joe"
1988,97,"Presidio, The",Action,"Connery, Sean","Hyams, Peter"
1990,102,Joe Versus the Volcano,Comedy,"Hanks, Tom","Patrick, John"
1991,135,"Doors, The",Drama,"Kilmer, Val","Stone, Oliver"
1990,98,"Welcome Home, Roxy Carmichael",Comedy,"Daniels, Jeff","Abrahams, Jim"
1972,99,Cancel My Reservation,Comedy,"Hope, Bob","Bogart, Paul"
1991,135,North by Northwest,Mystery,"Grant, Cary","Hitchcock, Alfred"
1966,127,"Russians Are Coming, the Russians Are, The",Comedy,"Reiner, Carl","Jewison, Norman"
1992,213,Exodus,Drama,"Newman, Paul","Preminger, Otto"
1982,128,"Ballad of Narayama, The",Drama,"Ogata, Ken","Imamura, Shohei"
1985,96,Out of the Darkness,Mystery,"Sheen, Martin","Taylor, Jud"
1971,90,"Garden of the Finzi-Continis, The",Drama,"Capolicchio, Lino","De Sica, Vittorio"
1974,105,Steppenwolf,Drama,"Sydow, Max von","Haines, Fred"
1973,100,"Mackintosh Man, The",Action,"Newman, Paul","Huston, John"
1968,105,Partner,Drama,"Clementi, Pierre","Bertolucci, Bernardo"
1970,107,"Conformist, The",Drama,"Trintignant, Jean-Louis","Bertolucci, Bernardo"
1971,102,Dirty Harry,Drama,"Eastwood, Clint","Siegel, Don"
1986,103,Ferris Bueller's Day Off,Comedy,"Broderick, Matthew","Hughes, John"
1986,89,Legend,Science Fiction,"Cruise, Tom","Scott, Ridley"
1984,110,"Buddy System, The",Drama,"Dreyfuss, Richard","Jordan, Glenn"
1989,97,A Dry White Season,Drama,"Sutherland, Donald","Palcy, Euzhan"
1975,105,"Rocky Horror Picture Show, The",Music,"Gray, Charles","Sharman, Jim"
1968,360,War & Peace,Drama,"Tikhonov, Vyacheslav","Bondarchuk, Sergei"
1992,96,Defense of the Realm,Drama,"Elliott, Denholm",
1991,90,Basil The Rat,Comedy,"Cleese, John",
1979,90,"Fawlty Towers, Gourmet Night, Waldorf Salad & The Kipper & the Corpse",Comedy,"Cleese, John",
1991,80,Going Under,Comedy,"Pullman, Bill","Travis, Mark W."
1990,83,U S. Sub Standard.,Comedy,"Pullman, Bill",
1975,118,"Passenger, The",Drama,"Nicholson, Jack","Antonioni, Michelangelo"
1973,127,Last Tango in Paris,Drama,"Brando, Marlon","Bertolucci, Bernardo"
1987,155,Indigo Autumn & Lilac Dream,Drama,"Singer, Marc","Gillard, Stuart"